Income,Savings,Rent,Entertainment,Utilities,Transportation,Groceries
100459,33373,11229,3825,10792,5963,10278
60892,14258,8199,2562,6215,3024,4720
106379,15345,16326,3878,1347,1765,3030
57381,26521,9835,5394,7733,5145,6672
35860,7124,10635,2188,1885,6428,7852
57338,15179,6146,5476,11570,6976,11762
104251,807,16707,2113,1827,3829,9335
76034,32070,5361,5027,8074,4746,2263
83625,4446,7809,2583,11785,4929,425
9630,1088,2566,1517,2761,6270,6388
23105,19628,10935,4819,7746,3082,6793
70800,24785,13151,3821,11508,5272,11463
78943,29580,11782,1673,9266,1369,9991
119114,12162,6707,2830,8961,2290,8585
57437,19762,5338,2112,11624,751,9738
30169,13997,1891,3530,3758,3818,7102
103411,37284,13372,2656,4489,3967,10258
86499,29661,9104,3734,2337,7203,9869
22933,12447,8840,3250,8790,1732,5981
70771,32536,10634,2487,9693,4541,1627
118169,38915,4063,3384,8297,5827,4341
64600,5139,4265,3142,9517,6881,5712
91160,16860,4600,1778,8872,3977,10168
51012,24588,12971,5478,11724,2803,777
18709,33246,5606,2901,10048,2636,3127
32025,4946,3541,1323,5722,997,6555
9964,34243,13656,5403,4842,4734,6181
116773,7249,11032,4004,8345,7099,1561
14359,35991,9966,4143,2060,1299,2395
56332,35081,10823,3078,5651,5806,2118
115440,22661,15829,4880,578,5217,9355
49491,9166,3165,3765,2302,795,4965
104430,28693,15696,4216,1346,7025,7077
99689,35148,15024,4685,1784,5727,8302
106426,10889,17493,3602,1619,1297,1267
84347,35112,11346,1641,4015,4467,6772
56652,26262,2796,3455,10196,6167,10619
25980,1130,14609,5094,7552,6600,7638
60917,31162,5142,2407,9940,6678,3665
6678,26423,17543,3820,4822,2348,5625
10367,3609,3764,1764,3921,966,10216
46143,1443,12704,2704,1265,6538,6203
103729,24260,13672,3888,7025,7122,4101
31682,12553,8026,3970,7717,1502,2211
115575,39897,12590,2935,7876,6718,9577
73536,21091,13333,4235,8938,5765,7405
31861,9767,14369,2969,6842,4278,6750
40283,34675,6911,4749,11070,5697,11980
43054,15013,1503,2825,2378,1137,10724
114192,23876,15611,3672,1794,1149,4125
24960,36419,8226,5455,3035,2602,11462
53974,27707,16398,5047,2066,4807,1063
93156,24857,3912,4115,997,1821,3568
119297,21697,9325,2504,11596,5921,1633
71441,23682,17416,1876,7457,3316,10443
68041,9524,12053,2539,5442,5669,11463
37067,11350,5138,4125,9284,7131,6050
79982,15765,6463,1384,11287,3689,3368
71835,36058,7572,4861,8904,4431,10945
103858,21705,10178,3585,6267,5707,2117
30893,11255,17379,5972,10289,5393,10503
28217,14989,6404,3070,560,6560,11471
98758,38497,8319,2995,4414,6543,4698
21647,2907,7013,5433,406,2365,5112
72845,10601,16011,3571,2477,5937,10109
100648,2058,16486,2435,4493,4774,7038
113893,39855,16399,4064,6596,7221,5415
47125,16746,16508,5262,11928,7327,11092
88139,35859,12965,1875,2099,5194,7938
57088,25399,10661,5180,4733,2875,1040
37067,634,14921,4935,1060,6835,7536
8863,33253,12164,1504,9703,3228,4054
213850,21157,11624,5021,10244,3867,10939
66309,9391,16447,5050,8942,4651,10427
84766,12222,5754,4485,4995,6319,6026
103744,26693,4525,2185,11408,3621,4731
6911,27089,15369,4060,10962,4222,9384
15043,27614,4065,4206,751,4416,9658
114295,6317,14304,4554,5808,2760,5703
61587,37130,16609,3032,4004,2060,10922
60079,11647,7963,3635,3580,5786,4483
7820,703,5000,3697,4673,5346,5705
54585,11001,16202,2761,3254,1556,2618
44169,12944,16769,3436,8216,4868,5222
48559,30281,4036,3567,9388,3270,6379
104613,11443,11189,5637,8895,4057,7538
85313,14323,1478,4624,10919,6118,4670
84921,16349,9846,3118,9679,7050,4808
54814,24409,9703,1694,5651,2751,1439
34127,10230,5336,1507,7128,776,5025
25926,18007,12327,5299,10769,6349,11596
99009,27205,1523,2904,10671,1044,7181
52803,20573,8310,4048,749,2121,7805
35207,11550,7024,1674,9158,4146,9780
46054,33734,11666,2063,5081,3929,9492
61755,1222,13455,5561,5338,6914,3229
89889,24742,9936,5885,884,4352,4560
96044,2782,4440,2597,2232,5301,6105
40289,4893,9442,3174,10848,1102,8762
21127,10269,12369,5978,10664,7284,9962
82855,26643,12246,4010,1279,3123,2146
29521,32802,11382,2107,6208,2238,10801
45422,17088,15259,4264,9074,6511,9216
80245,10734,5154,4087,5023,6188,7188
66893,17670,2227,3901,312,2527,11741
82414,32801,7289,4152,2243,6515,6330
99285,8681,11188,1959,9339,1387,9332
102213,23601,10847,2179,10910,3878,6875
109561,33966,5245,3131,9114,2585,2451
103017,30962,11072,5765,9162,6816,9130
116568,11543,15840,3474,2353,2517,7333
37220,39884,6642,2719,6806,2883,6456
56467,23394,17344,1863,7779,1785,7604
21499,33882,2600,2117,6213,835,11899
102918,16134,16988,3471,5297,4608,6384
64943,38116,8044,3887,6125,7279,6082
70094,37205,17969,5912,3690,3598,10566
112645,1396,9578,2681,7011,6581,6816
14376,26253,10918,5234,3308,2047,7618
81795,12156,5389,1721,392,7173,6627
9337,18047,13257,5532,8736,833,6956
25527,29211,3736,3294,2898,991,7570
94868,15149,13357,1840,371,3630,6345
118785,3618,2567,5364,7317,3869,9078
6730,3510,15129,2757,2533,2391,632
99988,507,9017,2891,8930,4125,3936
79339,37884,3986,5327,8641,7410,6813
90439,2289,1859,3162,453,4551,1303
11041,5695,16322,5088,345,4979,6110
119514,37880,10155,4124,8154,1994,5936
86107,21735,16781,2680,10171,4091,11461
110349,26603,16564,2974,5119,3921,8358
94160,24311,17584,5846,2307,2055,1998
16355,27018,9760,1520,7683,5665,11502
58072,32225,11889,4224,7469,6091,4511
87117,12129,12433,5087,5168,2386,4939
19307,39129,1531,2796,10975,5178,4799
32181,36458,12115,1642,1808,3352,5335
20112,34137,4676,4053,2575,2729,6301
11509,35441,16790,1266,11788,5252,4794
119066,12138,12384,2519,364,4624,1133
56423,12757,17998,2893,2183,5693,11669
40412,14752,10915,2951,9926,7257,5725
33761,2458,14033,5166,8122,2908,11818
13233,4862,9485,2553,540,2648,10631
54460,32167,7545,2092,1407,1393,11404
57297,16992,13339,3809,10353,4099,1377
61983,20510,13095,3192,10146,3915,9352
53744,37249,8234,1557,7390,4536,10255
88026,12047,14390,2663,3161,5183,4661
116988,38721,17328,2595,4236,2490,1726
68710,4896,3672,1958,3904,5523,1901
24484,7606,6627,1355,646,5171,8569
60254,12259,8607,1608,5889,5198,7218
26554,4584,13284,2861,251,2422,1953
81017,38243,6042,5621,11231,4671,849
58266,13547,6689,1649,525,4162,3269
24151,16171,6593,4180,2490,4138,9634
84809,16007,11269,2148,4954,2984,7628
58901,10290,6378,4233,8986,5523,7401
61828,8645,8054,4954,2708,2508,10337
63571,4019,15858,4491,2185,2132,3655
70412,23259,6768,5103,2465,6247,6811
93962,36497,4755,5963,11025,2123,10150
76265,38959,1787,2691,1159,1150,5073
106686,29082,9010,2371,6192,6504,5269
35067,25072,12136,5227,11148,6881,5607
108173,37636,12972,3864,5990,3503,7691
114402,2517,7739,1997,5067,1579,834
42896,33882,12788,4066,5027,4702,9118
111349,21211,7813,2721,2504,4035,2801
118843,8842,6891,2821,5642,3441,5834
44157,29641,9060,2669,3416,1239,4998
51078,15359,2841,3581,7838,2070,11251
95738,21186,2354,5801,5282,6004,1058
95107,738,3456,1507,8116,6307,10141
27757,21325,14532,5298,757,3860,2915
80575,33873,16034,1767,4903,5299,10010
58611,2454,15688,3468,1243,1450,9988
31488,37594,11254,4971,10140,2483,3855
52310,18222,7557,5774,5115,1913,1678
98798,10813,15253,3803,2836,4268,9204
25541,13060,13794,3505,6604,6073,4118
61696,34331,14675,4449,732,2075,4716
34961,38520,14990,3336,881,2959,10627
32004,1417,8085,5205,7832,714,11823
43253,11442,11860,4343,2317,4648,8972
12670,25043,6866,4689,11395,6167,2212
37503,18016,3441,2196,2053,6226,10785
115130,27004,5402,4766,3425,1277,11250
93160,19782,4303,4716,5044,1042,9783
91089,25584,2808,4873,329,815,4451
18652,15350,13724,2423,2499,3533,6627
31538,22863,9992,5375,1309,4121,7789
113662,19285,2993,2704,9527,7054,4148
12396,25781,8872,5645,8044,1199,10815
96175,10458,5083,5514,2357,6090,10405
33357,27639,13976,1299,9209,6918,6840
98303,32221,12423,5623,1379,6442,11489
105249,13433,9126,4203,11724,4770,11553
60782,19992,16101,3729,4869,2466,427
108274,9812,13738,1347,11553,6492,7453
12308,1286,1511,3271,4555,6491,5993
70500,22920,4455,3200,6585,6575,559
71660,17872,12496,2435,3488,3836,7138
54657,38061,13472,5498,1438,3236,11098
18075,6923,9197,1683,11567,1805,5053
100348,21003,3760,5106,9455,7104,5808
22316,36631,17531,5419,8789,3417,5703
108579,16187,13227,1779,10660,3384,7260
37245,7204,11573,1905,2941,4113,1764
21795,22107,3571,4394,11669,2965,8166
63592,20809,7632,5318,7011,2231,6984
61613,5641,5854,3995,8741,1498,10962
92088,21332,1627,2680,11338,2321,1258
11467,3535,7643,5762,1846,1393,9082
109482,32219,3486,3150,6773,2582,7050
93372,29525,13423,4823,9369,2516,5120
61484,36763,3423,3313,9572,2128,10451
72353,2488,6048,2497,2471,2899,4652
27684,17168,5982,5078,817,4739,6548
56951,11165,4907,3047,1405,6131,5622
22500,20869,17716,1441,2431,3611,11878
76704,32884,9913,5630,2334,6932,8219
5994,1476,10089,4890,10244,2863,8433
116851,26883,11709,2844,9367,5914,798
26369,21196,1645,2892,11264,4144,1181
35367,30660,4915,3949,4191,5341,4199
117704,34712,10618,5158,10157,2101,2582
81983,21305,3097,1987,566,1607,7171
5900,22854,2363,1979,11019,4195,2507
90194,10141,12451,4247,2463,5638,2113
56476,28141,13536,5276,7438,2819,10876
82507,39065,6649,4484,5168,4807,3845
67946,4171,5883,2451,4472,1860,11693
113513,36472,12034,1325,11890,2501,7899
29060,2623,9935,1396,10511,6298,5386
48802,8624,17994,2380,6095,2942,5556
48843,16562,17539,2556,7255,3654,4331
53650,13806,12308,2310,6457,7490,3187
47613,36761,3168,5432,3767,3109,9786
25945,34968,3959,1432,1389,6588,6934
38983,16921,16058,2919,601,3056,6497
10307,35310,12757,2246,8288,1927,7661
81683,15648,5512,4533,10498,3687,9808
67704,5764,11103,4765,1881,3722,2847
11848,29493,7435,5695,11592,3584,3602
36860,21080,17369,4704,498,6457,9874
113442,4419,12800,5120,5416,1407,1997
21324,20042,7122,3310,10293,3474,6349
33649,25410,8021,2531,2840,6454,3700
36796,6334,2839,1689,10559,4596,9025
56600,38504,16469,5254,1314,1455,10602
96169,6023,14774,4430,9810,4341,4789
94367,10596,17289,4153,4746,3267,6240
77518,30828,7876,1316,5966,4918,8094
104640,20398,5894,4691,11365,3439,10594
53240,36121,12546,5018,7296,5403,3932
25057,13166,13749,1254,7095,7307,10965
117855,29036,9554,1685,10122,4438,10159
43442,8940,13553,3699,1714,5031,10256
53789,17683,12408,5131,3527,4606,3150
9916,24193,11949,3578,6632,3894,10815
14886,24731,16140,1793,10272,4984,1077
87959,32562,14602,3667,8459,3191,8965
113650,2106,16400,2573,3556,2053,9442
58691,30691,3869,3119,3310,2736,6389
67063,23712,17631,2934,5413,1698,10240
33153,17422,6448,4579,6613,5249,2771
79127,874,15534,2640,10904,2713,6368
53100,35413,10666,5668,9749,7140,8409
54805,3839,15084,3884,10397,2567,7232
54832,23285,12622,1262,5236,5490,1185
6262,20013,3209,1673,11823,3993,8210
118686,17035,11140,5645,2931,2769,433
24363,13108,14547,5408,10091,4518,8859
36195,9002,17547,3606,3032,5546,4761
80024,35866,5661,5810,6631,2941,7116
62527,32273,16624,3435,8012,6806,1799
63835,9400,9795,1511,2062,3061,7764
50618,4448,10400,3933,7963,4395,5024
20256,36102,16764,2114,7476,6993,11605
109120,6453,16764,1787,9517,3845,3163
68688,7515,2354,4763,9308,4766,2868
30847,5651,7916,4517,11802,3899,2494
58939,22738,17665,5806,2104,3495,2781
69990,4804,14827,2171,2074,2057,4763
52246,22803,15194,4009,4171,2103,11086
45965,16936,10077,1918,851,4775,7265
98735,33262,14236,3939,11895,5657,706
109949,12515,9005,5727,11924,7292,8605
103746,6845,2664,2796,5231,5650,6066
111017,3088,3036,2415,7847,5575,5687
86478,36680,7305,1730,10845,6628,772
30583,10884,4696,4491,5811,2358,10508
6733,12531,6730,1703,4679,2958,6713
7385,20250,10047,4169,6990,3354,4376
118298,30127,13206,3956,8080,6774,9498
73647,24527,11204,4606,7515,6944,9172
13518,19875,8160,1593,4316,734,4650
58155,5080,5682,5600,9343,5685,11120
72367,12549,10471,3066,8373,2078,3553
47073,39661,8288,3068,10988,5445,9900
40853,39126,12648,4161,10686,859,8838
50384,19505,4014,3266,2743,2822,5596
101368,18643,10885,3874,5159,1891,5575
80591,5495,2513,5041,1989,1805,7201
20673,32901,14810,3648,9536,6136,6938
84548,38850,5138,3248,8749,4718,9393
88745,23680,17049,5424,314,6071,9320
48712,35789,2806,4609,11153,5968,944
14331,12491,5848,1378,3642,3766,464
75201,27717,6600,5436,6505,5596,9442
50059,19214,11025,2414,3652,6252,10922
113941,13312,9532,2248,11831,3305,2191
119465,15702,10103,5699,10535,6904,7725
113787,28639,17975,2722,5979,3257,3648
67323,28088,6644,4383,9352,5464,10806
42624,24798,10288,3166,7400,4312,7366
32731,36475,1869,2103,11537,4092,2894
80006,11728,6395,4982,8031,3691,11502
67298,35717,14111,1537,9908,3279,9728
61666,39869,10851,5115,8768,3830,1012
7159,33297,16205,5316,394,1946,2095
86040,23597,1905,5336,3339,5771,7846
57902,20243,14835,3046,5721,735,6427
71310,22720,4551,1696,8947,5759,11230
25947,31960,14247,2328,7006,2720,1121
57106,31057,7046,5417,1810,2592,3895
23757,32547,6446,3107,7165,3796,3334
94946,39152,9939,3592,8744,5774,5057
23387,29190,15804,2239,10576,1494,497
8456,17046,7652,3642,11832,1076,9531
28125,34869,12210,1330,7928,4952,4811
70194,28106,2140,2504,3800,964,3850
111407,16798,3759,4331,9091,786,7140
84169,5465,11441,1562,3997,3782,584
13447,8136,13077,2048,5583,1295,7586
108874,38218,17357,3085,10107,3381,3657
14301,24333,5433,3299,8122,3596,5293
100774,18819,4392,3190,7840,6643,760
39784,7418,9174,2230,11874,2340,1906
7270,36226,12134,3353,3533,1487,7129
78134,6509,1466,1551,2998,1371,8220
25706,32566,12199,4423,5385,5535,3421
68440,15201,2473,2039,5609,6855,6582
53404,15079,2120,1784,10792,1171,11557
111338,38460,5616,5605,8688,4838,6191
50836,16012,11415,2133,4723,910,9895
76702,13748,9940,5668,3382,7287,7055
47235,38372,10780,3379,2278,1125,4204
71516,1948,9995,2779,1675,3627,3337
73098,22146,6915,1372,3376,4883,9026
70027,39956,5283,5915,6049,5456,2776
37316,30961,15280,5975,1974,1794,7006
70050,31277,6711,2666,9739,7215,1713
83471,2278,7365,2207,6780,2393,5086
74606,5544,4234,2759,6683,3249,11608
29562,15795,6228,4235,9499,3608,1217
55527,25391,16181,2480,3568,2496,10963
67528,20086,1435,4116,5781,950,3554
97281,18582,7777,5250,10638,1389,9201
15769,1319,8325,4329,7239,4314,6484
56757,31418,16727,2940,1010,2049,3384
92290,14806,14570,4944,1423,1860,888
109652,38312,15602,3092,7280,5528,9489
40809,8086,7825,2206,1381,5590,3127
49832,3351,7104,2969,9155,4614,5679
66059,5035,4137,2414,2815,6289,7112
14505,20521,7939,5461,6360,6754,11480
96851,30662,1548,1897,9840,4510,5766
70811,36357,2172,1949,1288,1060,6105
79615,26306,2620,2289,9046,873,4720
116099,33072,15708,4142,11984,2125,7171
81834,20552,2563,5294,4226,6966,4026
23870,38969,9570,2152,2796,5534,2483
43015,5438,17699,2616,817,3381,5369
18355,6480,9781,1262,1362,2505,6787
106097,23525,4223,4386,1766,4097,6576
52037,1461,5719,1670,2118,6811,7900
99803,4672,7072,2065,6719,6163,8343
49538,26701,14229,1920,5617,5975,3683
60759,23742,14626,5158,5863,3336,2815
64120,5764,4776,4121,11848,6857,889
69431,2665,14458,5896,11268,1168,1807
79379,24326,11541,3282,939,1430,5734
19132,30522,7433,4093,1006,4769,11453
41511,5347,9805,2527,3411,3941,7050
69484,15512,15018,3068,608,3391,3689
75918,30629,17923,2198,8440,3232,3226
30686,24091,8487,3644,11455,1867,5551
65333,34545,9923,4318,2576,2431,11994
112627,27526,7775,3109,4005,6418,7905
23334,3983,12983,2758,5922,6018,10558
87136,4479,16331,1968,4651,1525,8099
104586,14867,13281,5836,3644,7441,5497
66112,15305,14881,5022,5078,1754,8135
70703,31938,17440,3790,1594,1294,11151
26899,27941,5615,1581,3222,1129,1148
35936,22005,16685,3971,7558,2359,1940
64818,22655,13395,3585,7748,1767,6576
6039,20556,17627,3527,1165,5816,1235
63787,16677,15210,4092,5159,6046,1619
79201,21524,6070,2349,7948,1368,2783
53815,36717,16025,2592,515,857,9163
11800,9296,13135,1613,6397,3643,4843
25840,17276,1685,2085,1321,4802,2938
91615,21331,4730,5751,9762,4235,9719
73563,39159,7740,4848,10262,3562,9213
11988,39468,1453,3664,11189,814,3221
74345,24018,16496,3552,11710,3791,5705
53264,39080,17004,5492,6019,3503,4456
77223,13470,1752,4006,9238,5669,7007
83011,33231,8822,2595,437,5474,3837
20639,36574,15283,5985,8635,5216,8557
94507,21834,7940,1328,8090,3910,5021
48786,23961,15090,5734,9469,6030,3855
55248,33351,9858,3997,10228,4608,11075
91905,29526,10943,5224,3071,2809,7027
99680,31877,3064,3345,4076,6975,3845
49577,9395,4177,5665,9272,5688,3602
36847,30101,9406,4432,337,5608,8786
69675,22606,9710,5349,8690,2682,9084
29654,25154,11865,1297,5612,7409,6589
23950,17378,4491,4408,3098,3821,2969
34673,7404,13921,2471,8369,3238,5237
93766,25389,9865,5447,9701,5951,767
87387,12247,10307,5444,9673,6886,1531
73288,6945,10503,5899,8668,3118,8842
64666,36025,7915,2909,4243,5011,7376
66020,8866,17225,2857,10366,5428,2545
91109,14502,9782,5982,771,4370,2576
6272,17096,7624,1966,9865,1284,2379
99188,13495,12413,5078,1255,3775,6380
101662,3955,2544,1439,6242,5312,1790
99902,9979,15071,4514,8603,5042,10838
6946,24997,13750,3493,5336,2828,9751
107483,34079,15588,5076,2666,7375,8136
77488,1290,17841,5540,6083,7403,8653
75444,34984,11317,3985,9395,2810,5589
12044,39860,14339,1313,6834,1209,4456
30649,3072,6379,3939,5605,2465,7252
61928,15019,3615,1793,6519,6703,10756
67408,4303,7970,3402,8609,4860,11387
105471,3426,3382,3333,791,1211,2332
69443,18096,4932,1919,11978,6880,5390
101758,11061,14120,1343,5297,4509,4175
16944,35975,9142,2893,7019,2104,7086
105895,13108,12211,2082,7008,3812,11634
89740,33575,7956,4351,1719,3576,1452
33481,3960,7690,2586,8337,1060,10849
78155,16538,15409,1544,8303,3640,8447
52445,35275,12277,5337,3174,7091,5721
90707,16473,14794,2649,8335,6787,2804
94408,19286,2709,3801,6984,7388,8547
111860,18800,9142,4194,9752,4637,7474
26611,35975,16413,3948,6689,1920,2726
20241,22021,13965,5998,737,7433,1337
88075,577,7105,3047,340,942,5434
103936,39055,2192,2430,11431,6022,853
39892,20993,14154,5389,8203,1048,9056
51181,4544,13800,1807,5505,2960,2395
45818,6181,8843,4336,8809,5918,1123
42474,34617,11217,2951,11213,5535,7594
107012,19067,2958,1544,7375,4812,3054
100097,28648,17395,3937,8449,3936,6050
8994,22184,13572,3271,4315,3054,2618
106342,25580,8531,1616,3066,1112,8268
50215,20301,8824,3847,3326,2897,1849
51865,2196,10720,4864,9367,5085,4399
109279,37676,4661,5514,5628,1865,10867
82222,19098,15818,2662,4288,2662,4525
25078,33040,7147,3767,3044,6181,1981
74082,1395,11779,5904,2184,5809,7422
108040,16603,4188,5831,4820,7173,11418
113480,17638,8829,2124,11609,1622,2749
32386,28565,17146,2501,8236,6976,3331
113780,18980,9406,5903,5648,5648,6572
72635,21839,9434,4889,7095,4506,1022
22207,12529,5524,4500,1492,4845,3362
19002,29192,6117,3111,8726,6550,9586
38886,2664,6404,5122,8070,3195,7327
84963,39363,6776,2516,8816,2388,9808
32139,15632,15317,5598,441,4786,5637
50581,39175,14056,4098,7079,2973,10462
107031,6722,4432,5121,600,4547,2531
80578,33353,10728,3724,5670,4520,8399
11497,11525,3700,2845,10393,816,8522
25966,35805,10342,2838,2817,747,543
39327,4774,6728,4896,4672,3674,7084
107291,5973,9682,5674,9702,3103,851
73262,31290,3570,5732,11663,2161,4562
78630,27256,5760,2607,9517,3836,6850
62282,26735,8498,1529,4545,6417,11086
78935,3334,11038,5019,8646,2483,4621
55554,21287,4982,4268,11370,4438,9610
111282,7978,2446,2137,902,6690,1047
115937,7787,4324,4712,5357,4678,2782
44065,23541,8574,5928,6154,901,7889
103545,19582,13936,5503,10811,5133,8826
77004,16248,2746,2166,5690,4291,5044
28473,32564,15279,4424,2540,6700,11886
65800,19668,7974,5903,2396,1270,5111
73158,5745,7715,5612,9284,703,4002
72022,34903,8723,4076,1231,7429,3001
14567,3982,17063,3101,11658,3626,5335
93907,19287,7165,4728,2413,7314,9107
26148,28040,13537,1304,11188,4197,1744
48523,3855,15848,3114,7579,4914,3799
46783,6045,8985,2267,4238,5304,6157
86900,11506,11567,2214,9330,951,8752
65599,37854,1774,3932,11656,1604,7257
117279,11319,16037,4360,10227,3574,10197
78884,28658,10389,2607,8422,3842,9773
51775,16182,17427,3532,6550,4968,4108
59381,39534,1501,5380,6604,2973,9630
17417,9110,6753,4331,737,752,5178
62249,38123,3579,2234,8895,4359,617
76420,2878,10544,4429,6420,5089,4680
101479,33024,15414,1805,462,5276,5923
21562,28717,12730,3536,9540,3854,7958
92507,36776,17226,4332,3127,4607,10462
84092,33473,6123,5570,10928,2999,5168
80122,37880,11160,1666,11122,6730,2784
76003,15312,13946,2220,4583,2606,6701
36322,35110,4663,2997,11224,3339,10262
43543,30172,14593,2616,6388,5205,4807
72140,24059,17006,4375,4374,1363,3340
14030,28664,10349,2097,8439,2665,4801
74785,12653,10237,2972,10975,726,7838
42951,2693,15143,1929,603,2820,9688
83066,17785,9747,2561,4985,6608,4582
109510,26999,17932,2164,10419,7287,7120
13436,28183,5053,5281,5106,2962,4257
106027,15156,13510,3268,3398,1354,2104
32132,24065,17427,1410,7725,4621,11338
86030,35887,16664,2378,4127,3099,2498
20253,7488,16088,1464,5782,1125,10091
89128,24921,3631,2153,6344,4457,7245
68887,3745,15240,1992,11249,7204,3197
109669,27285,15353,2983,11490,4399,517
66276,14090,13406,5467,10969,2983,3271
87410,14021,6266,5285,2013,3427,11737
29849,18191,4026,4874,4128,2020,5952
84677,38065,11526,5436,7832,5939,8086
76450,20467,3430,4180,7527,2437,7266
46393,8159,5779,1289,1513,6277,7263
73718,23610,3152,3927,4111,2369,4320
45134,28061,11647,4445,3206,2317,3542
30720,36086,13001,3221,7330,1503,1025
28127,11756,14825,1735,5574,2386,6385
101374,24637,3132,3981,8658,972,8633
70158,32311,17343,4981,9821,6734,5545
12352,20745,15167,2125,1459,1507,1877
12688,2760,14828,2618,11518,2568,10351
46592,21875,9683,5171,5525,951,6600
67742,25087,15833,5022,7374,2103,9957
51103,22241,11795,2054,1787,5267,5738
86043,17950,16612,1851,6344,2007,2883
91085,12907,11464,3584,6588,5093,4754
33917,24676,6415,1988,2802,3749,11148
71450,34153,5459,3093,11661,5543,3498
38812,23137,8797,2282,5350,3918,11031
106569,13574,14312,2914,1989,1356,4809
65800,33026,8437,4592,8477,6108,6510
46412,28091,3401,4650,4671,5379,7916
90821,16415,17298,4179,7437,2780,8206
113920,35690,10394,5019,2810,5876,3605
112003,37355,5100,1724,11079,5280,4245
81657,16796,1944,1410,3520,4607,6728
94032,31330,3151,4316,2947,4079,7291
63039,16400,17386,5195,7650,4382,7769
21396,9049,10440,3786,1689,5850,4472
24212,38040,12113,1298,518,3661,7944
24922,22254,3363,5660,7022,3444,1770
43721,3431,2412,5310,3683,1793,5781
39262,3786,11637,1645,3029,4438,4624
48567,25722,11928,5864,5407,6895,6479
29339,31966,5454,3022,5024,5020,8689
118852,18883,2249,2525,8908,6129,1151
76806,33067,6899,4274,6848,2224,9045
78612,1692,4553,2654,1032,2260,8421
115505,20437,6859,3714,10771,7356,10750
82765,6810,11314,5961,10689,3562,4512
25260,9258,4354,5100,1516,7074,4842
103242,11955,7589,5495,5667,892,5786
65235,35013,11258,2743,9731,4610,8142
7445,33081,5659,1544,10831,1264,4157
38840,6364,10630,2998,11290,6958,5260
30103,6123,13626,1528,9501,6734,6499
51845,33954,2678,3745,1913,5029,1377
38827,4854,9552,1987,3305,4051,10502
90609,19385,4516,3550,7471,1736,3181
88335,33115,15083,1537,7570,5942,4906
37514,11352,17199,4909,9668,4106,9529
33218,28818,6729,1513,11424,4314,6192
69029,4254,12968,4372,1124,7314,980
62212,29633,13071,3440,11373,3417,10940
102761,35263,6939,5267,6073,3774,11692
32069,14793,4587,5484,3568,1592,7179
116265,12571,10569,5662,4331,1547,3931
7879,10549,3919,3790,6162,5498,8087
105733,31276,1648,1320,1803,707,9969
40066,38529,2210,1724,7986,2954,4439
20335,3732,3169,2100,4626,1247,8935
107719,24197,6114,4141,10276,3422,3202
86076,32804,4676,4890,1671,4686,4146
92583,29071,6562,1756,7659,3159,6499
48322,21283,11238,1640,1767,6382,1068
89468,24020,13990,3008,2988,3479,6926
54331,24391,12287,3140,5391,2342,11137
10254,36423,13548,2793,3260,1832,7107
90232,20410,16068,1368,10083,7006,3384
9266,18617,10828,3273,9841,5514,8948
91951,35226,6841,4534,10284,2041,11514
72010,36287,13827,3811,5966,5803,8300
39489,12003,2088,4999,5869,4106,9691
72112,2253,11859,2939,8298,3959,4698
106509,14169,16615,5654,1879,3994,7160
98802,19389,13565,4192,8026,4428,2131
53153,26012,13668,3233,5065,3203,6794
79432,17363,15222,4312,8128,1234,3637
72305,14605,6340,2105,1905,7087,2451
61667,28793,3163,2989,11755,5045,6516
21024,39498,1832,3693,9358,4821,3574
108808,10754,5388,2806,10085,5360,9351
47229,9914,12541,5254,8664,1127,2626
77878,23550,12571,3845,6414,7104,7526
103558,34628,8116,1672,2177,742,2726
83247,36412,2279,2970,11781,2941,6138
14900,36168,11185,4228,11386,6701,9033
93217,8667,9434,4434,631,5613,1088
111396,9953,2573,2192,1061,3246,1539
33641,16392,12503,1654,3243,1815,11060
74088,22543,12581,1999,1960,7378,1442
35610,30823,10662,2873,2435,5300,1130
99475,8778,17165,5863,9519,803,6365
55248,12959,5238,4054,10046,6521,8104
68536,1967,14176,5007,10309,915,5622
109618,9179,8637,2888,3641,6578,2437
113377,34698,12801,5279,4940,2931,4448
72307,37873,9824,4198,10904,5905,6606
19087,34146,9697,5507,5042,1639,2909
55122,15122,10405,5214,1947,5383,9135
118225,37174,10007,2472,9246,6028,7393
104564,12454,17068,3586,6359,5924,2616
11078,26159,14154,3396,11664,2089,11594
75137,23397,10956,4728,5284,5222,9542
90768,8000,16105,4655,4103,760,8101
7201,23209,12929,4211,2421,6113,4060
110343,19917,4433,5201,3510,7466,3836
100011,19566,2914,3224,11469,6623,8450
49977,28399,6944,3498,6467,7192,9338
96080,14386,14519,5250,3165,3939,2224
90568,25794,14594,2693,1280,2585,8467
115626,21273,5522,3183,2294,7128,1681
90420,19339,12479,3123,3259,4159,368
75753,3977,6946,4350,2497,6413,9535
16542,25706,12787,4911,1284,5103,1555
66589,6798,13608,5804,5444,1469,1538
53381,5167,8162,4941,10047,6220,1761
38664,16567,5586,4766,2055,6654,967
31147,4088,11968,5770,2262,2032,5063
95999,29803,3349,2218,1468,1824,1362
59948,2874,9890,3733,2554,2758,4641
65968,27942,8424,2623,8507,6343,650
93601,30229,12899,2820,2463,6810,8139
46852,33353,6607,5600,11347,2900,4357
38648,3409,14456,4344,5703,7357,10356
41619,32347,2541,5698,5555,1875,6617
79615,33440,13110,4655,2588,7403,4556
89109,11131,15621,3850,4853,4212,1850
84111,36021,4556,3049,9262,6558,3710
36902,14111,14187,4141,6895,6481,5136
71081,7306,2331,5767,11959,5432,1524
115757,6428,6747,1847,8880,5972,10775
19906,22537,16107,5840,5769,1619,8189
97670,26020,17369,2394,5116,3174,6620
62477,22448,14306,3193,7746,2482,3439
72394,5565,16554,2381,10127,729,7741
43397,9689,7812,3372,1373,6617,9249
85280,18649,11765,2294,8017,6455,8512
108303,37769,4661,3826,4790,5057,9059
60616,11744,16247,3447,4234,1609,6556
114663,28074,17556,2390,9187,6805,2019
61978,29864,7708,1338,3875,3415,4321
88063,30852,4770,2990,3738,5330,6865
36731,6524,12959,5314,3466,6808,431
82934,4810,2191,2609,10200,2962,4600
79074,26808,8753,2547,8146,2668,4281
66033,10739,16868,3728,1342,6166,7347
110496,29521,15165,3337,3509,3291,10665
101597,25529,6017,3985,10811,904,3649
108365,12831,14195,5491,1020,3546,11169
48970,11787,6471,5711,11475,3848,1700
117937,2724,15208,1921,7499,5152,382
77085,8128,15235,2164,1899,959,10025
78488,15288,2608,5526,10122,5117,6838
104433,30102,7431,4453,6682,5093,5832
115362,14045,12521,1859,3851,1051,1702
84000,2471,2119,4153,6696,2699,5230
28780,28011,8994,2511,3659,4472,10017
104515,25051,11715,2458,1263,1053,8858
53375,17522,2794,5401,11902,1395,4621
104962,24537,12810,4794,5780,1062,1126
105523,32679,2351,4242,7598,5573,612
99125,15338,2109,2114,3837,5676,4518
116543,5855,2049,1877,3368,1557,1456
34867,5804,14252,3240,7135,5358,4834
72600,39849,9723,3482,6460,3996,7622
16100,10474,7323,1526,1393,2647,8029
56530,8165,6572,5703,4394,4301,979
63889,7508,11221,2291,6934,2447,6062
32439,28788,7310,2678,5888,7311,3600
13689,33748,10387,4397,8749,4664,6890
6466,35006,10202,4173,7080,3272,7315
33368,23471,2814,2268,2628,1326,2487
58281,39955,3892,1510,1511,1259,7274
98850,8547,6248,3628,5772,1322,4350
11543,26604,9130,3701,7060,5332,6347
32668,27567,10980,5391,289,4152,4783
21996,12848,14503,5425,6252,1129,9616
83231,29104,7027,4156,2046,5625,2544
58025,14516,9534,4467,11155,1836,5118
33400,8562,13982,3580,11348,1729,1506
81387,6261,4455,1671,4370,6869,2548
15968,27897,4906,3499,787,7194,2718
49752,34984,6425,1335,10355,7308,11064
32376,30179,9960,2470,11371,1493,7189
48038,4191,8863,4348,11865,7251,5570
14921,1368,11579,2373,1222,7109,6913
36851,14214,1841,1772,11365,4397,6936
47457,11995,11765,5068,5472,1708,3582
104185,23443,14581,3370,4736,4171,11253
113570,10625,7678,4526,4964,4523,2760
49667,4032,1615,5928,1496,1997,10383
47317,21716,3861,3692,11862,7295,5554
107978,30098,8866,5950,8159,6299,6229
26614,8171,15612,2414,2926,991,6508
15986,29191,17971,3326,9166,5719,7049
85418,30149,1735,2430,4678,3577,4609
88317,17023,13571,4311,878,3240,5791
69103,13052,11988,4807,11773,6437,9069
69710,34795,16864,3478,2720,1960,5090
18788,23844,12223,2509,7854,3923,6880
64621,28224,2958,3261,1621,5956,7643
83036,23527,12481,3078,11366,6005,10572
38908,37331,9496,2495,2083,3388,1034
74716,16736,2250,2173,7881,5883,11594
92342,16723,16457,3750,2767,5147,9226
63943,4235,5769,4598,3248,5494,11844
94541,1755,3462,2721,2073,2323,7313
19748,29314,12430,2972,8544,5716,8658
29342,30881,9782,4624,6907,3796,6172
23214,39994,3157,2278,4802,1732,3191
117445,31063,13133,1846,6428,5694,7224
29146,1034,3721,4429,7978,5989,4076
11581,19263,15089,5215,9309,6047,8062
22169,37879,9601,2487,6811,1820,3001
10223,15811,15749,5081,1974,4927,6235
45256,34031,11671,3549,9399,6877,517
28850,38238,17696,2111,2758,6908,7258
54559,4640,4235,2249,10783,2222,3444
7158,25450,2204,5484,2603,1656,4088
19945,11465,9329,4412,6029,2422,5801
96299,9443,4419,5770,5532,1441,1765
106803,16567,7448,2067,7761,7133,4481
33877,3495,16129,4482,8425,6802,8604
73923,31906,9942,4439,3079,4614,3022
26670,18203,15134,5744,3493,7043,3281
71344,12095,17165,5073,1397,1643,6059
74626,8903,9333,2494,4900,3501,11271
17124,6382,7443,5150,7499,1401,1449
81284,5657,5693,3789,7939,7162,10879
53806,17971,5957,4727,666,6955,6026
87527,38494,14852,4660,7047,6426,2634
67880,17313,11698,5314,3245,5785,7063
112556,13454,5009,2530,8492,3862,3539
79108,28258,11954,4986,11173,1027,8161
20019,21245,7726,2084,3309,7278,2242
96344,3592,4772,2183,9996,4282,8565
23344,21915,17436,1340,1120,2860,1335
42599,6270,3876,4358,2845,7210,6811
63400,14250,15386,3433,7650,1376,10477
113618,18934,9806,2447,5214,991,4704
37293,25264,7924,3115,6275,6576,6680
40409,15568,6403,3988,3013,5063,930
50470,35943,9351,4577,3459,7281,6491
18054,17394,17366,5811,643,6086,7948
115321,16112,15236,3799,5498,4958,2168
52462,26050,5544,2520,4419,2583,6870
7675,16915,3351,1648,3147,2418,5245
21479,16553,13600,2521,3659,7394,11603
103011,27308,16304,3929,442,4883,5893
18622,2901,2933,1478,5187,2961,8569
9616,15876,11457,1703,7257,7432,11724
12460,5611,15021,5314,4602,2291,7195
101217,4637,6501,1475,4277,4630,9181
55858,1161,7914,2531,4032,4933,8790
19939,23223,17033,2974,697,7322,8791
118601,35733,4202,3569,10959,5119,11964
39881,23992,7007,1377,9280,4929,3628
78423,10009,7266,1841,11335,6353,5010
115733,22030,8712,2052,5602,1274,1034
77713,724,13633,2544,1598,2245,5737
111264,36430,7066,5445,4952,5786,1393
47073,39740,13814,3419,2604,2740,11749
45948,4902,8343,1556,3858,7182,6038
40827,28014,13120,1912,4930,3208,4374
57149,16353,12160,4615,2553,1741,5949
62620,19452,11524,3603,1662,715,9493
55992,14816,3596,4427,8872,2130,4659
61395,34034,2137,2289,10166,1475,11906
59833,27896,12421,5001,4078,5809,8656
71467,27027,7037,5258,11972,3879,10000
20532,14633,9901,2917,8288,5587,3222
68131,8122,16786,1683,8326,5475,8044
41123,23001,17530,4698,9343,1752,7998
68964,37106,10428,4401,3015,5921,10256
42540,24993,12629,1963,11448,1465,4465
115459,2029,13733,5483,4435,3787,9617
24833,32809,2550,5051,9812,6380,7449
91376,7887,12396,3409,3343,5136,6077
64811,23125,5542,3751,1410,5188,1509
81025,37089,8166,2081,11479,6280,10750
79298,21582,2361,5013,4054,1729,6696
46482,24598,3214,3029,6181,4759,1914
34895,31657,3013,2837,1198,2787,9357
50304,19612,11575,5911,444,767,9681
49331,23100,11721,3678,2279,5476,4867
68347,16942,7004,1513,4048,5574,5557
13763,23309,3615,2449,9075,4111,8056
64040,39527,14686,3068,8837,4484,6127
15199,28832,8226,1288,11652,3511,3086
89838,5354,11604,4300,6407,3898,7997
6504,6237,13549,3129,4746,1628,2167
9390,16410,10749,5335,9112,3123,7812
90602,6731,9994,1337,8984,6306,5133
28204,3445,2693,2943,876,5468,8254
18878,34928,15127,3089,5463,5067,5134
113587,20934,3528,2310,10266,4491,1201
20692,3479,5221,4423,6779,3742,4700
108279,14504,8764,1921,11205,6106,8116
11438,19843,9015,4430,9696,1851,4809
19294,33696,1869,4815,2583,1689,9038
15216,18450,13729,5743,7358,879,3328
40135,17093,13593,5915,5184,4327,4512
13855,10841,1980,5084,8757,3180,537
54514,8544,11288,2681,8848,2269,2619
85945,37568,17325,5127,4441,5114,869
54902,33350,6818,5047,5458,4645,10075
99677,29896,11535,2832,4583,7115,8127
87775,26693,7357,2117,2175,5583,1312
109055,7869,7289,3556,5815,3938,10436
87090,12201,14885,4273,1309,5274,5655
43649,32130,12795,2299,3941,6267,3085
73084,34814,8900,5950,4522,1404,9003
88049,1438,8175,1396,11968,6502,11459
119748,20835,6019,2182,6988,3314,1501
54376,17447,14806,2151,2382,5380,6582
30828,17293,2696,3048,9449,7378,11173
43280,30717,6284,5226,7574,2193,10787
113686,35558,5034,1874,3872,3549,10664
68475,36249,1469,1338,6368,6456,3314
25470,29740,8773,5860,8054,793,3262
9739,26435,17058,5367,6031,5422,6431
96077,13714,5471,5712,10675,1951,7969
64453,1742,14231,3697,11219,1986,3335
30505,10064,5995,3241,6520,950,3733
33753,26555,6169,5939,6150,6079,567
111500,37171,17648,4384,1774,4864,9311
65823,10472,15166,3088,9465,4234,2909
11009,33107,15034,5024,2628,3923,8814
31043,16548,15772,5350,7820,6124,9620
72044,15338,11296,4319,882,4273,801
99529,29528,12530,3198,4503,3558,5132
75133,30403,14559,5227,1890,2638,6541
79581,28138,9757,1937,1310,1452,8624
19967,39911,15747,4310,1449,6948,8565
25549,28710,15757,4153,6372,4280,10878
48658,28188,16436,4516,5404,5541,10697
91488,24918,9162,5615,11259,4765,4726
79418,25108,2715,3903,8204,6446,11008
42192,31206,4660,1385,10966,1018,6070
105031,37302,13696,4179,5944,2413,7206
118847,18819,8774,2000,4043,1580,2082
48714,11220,14035,2160,9839,3475,10597
86302,16609,16402,3297,8385,5583,4889
82986,1642,13664,2938,5837,2799,4907
8575,36032,2243,5305,3082,6152,8718
96311,29812,4898,1408,3951,4047,8224
114244,2183,16425,2378,9519,1329,8359
65830,8894,15221,4168,11557,1491,8025
39134,25322,14279,1782,4506,3576,8161
7256,6445,4543,4906,11854,6980,1358
113080,34432,17349,5401,1449,2937,4137
65943,14903,17278,4546,4027,7242,3324
46904,34312,8004,1804,11158,2501,11912
78366,13264,13169,3700,1580,822,7383
14979,7572,7549,2952,9318,2792,7721
62623,32309,8841,3349,5147,4707,7661
48713,1737,5079,2135,6134,2194,6738
106975,37287,11985,2649,10765,4740,6080
73166,38066,9729,3430,11062,5262,6134
89186,15223,12042,5580,2492,7490,9073
35222,3028,14676,4078,5400,3135,1920
111557,32357,5406,3184,8098,3258,9075
109423,20475,15588,1396,4782,5598,11155
34982,18609,13054,3213,2321,1869,8183
75814,34803,11472,2870,10841,4281,8395
56901,35776,17042,4024,5873,6914,6794
7885,31160,8436,3495,6114,3526,4038
63569,6535,8484,5085,6743,4912,7942
103948,10227,14592,2003,3313,3610,2245
118481,4903,2422,4572,11594,1548,11655
90458,37992,15308,2604,7796,6156,10180
55275,31176,17122,2727,8711,2048,3968
44660,32964,6886,1378,2829,2930,11870
84860,17189,6554,4364,9512,3649,9708
34757,27960,5922,5103,7155,2024,3961
13364,25716,4454,1876,328,1281,9838
98174,16318,9274,3505,11876,759,4798
116545,26846,8400,3632,10701,4937,8781
61550,13787,8499,4177,3984,6354,5990
25819,36637,2847,2782,11147,2876,7359
52603,29625,13743,4725,1287,3675,10950
31064,34592,1430,5477,8805,7247,427
22920,1661,12155,3017,3943,4508,1961
5326,6245,3885,3694,5774,6455,5952
55552,12692,11057,4539,9447,2914,7825
6061,27472,3663,3737,2129,3968,2824
62423,36704,10625,3146,4110,7177,3079
54250,25114,17735,3740,1231,1672,10108
87484,34869,17101,5184,1785,4157,10668
23553,36525,1912,4221,7497,6236,1738
65652,24333,15288,4966,4604,944,9851
101024,39193,8574,2010,1572,1692,1987
92359,5768,6248,4337,1019,7342,9673
60640,10865,12327,5483,11847,6681,7271
75293,7237,16191,4817,11050,3759,1783
65956,25625,8178,4960,2669,5561,8818
109261,32870,17389,3697,6875,5539,11313
81589,21393,13514,4173,8550,1715,4703
76648,14533,12584,3969,10973,7219,10260
35455,1226,7579,3525,2005,4886,2282
52853,19353,17631,5241,11644,2953,874
105892,27905,1825,4541,11591,2420,7751
90622,3923,17505,1894,6639,969,11323
105721,28061,14846,2826,3786,7029,4291
39844,36437,16491,1348,3131,939,1542
74190,37296,12428,2664,3852,961,2704
107742,1947,6301,5492,3259,4154,2378
108288,11212,6436,1966,11960,4950,4096
105851,10450,11691,2869,2845,2003,2048
58074,17709,14599,4410,11899,6189,6506
51155,3795,6757,5166,9460,2319,2708
101294,38084,4774,4931,7864,708,4212
75585,17412,6306,2516,5733,1796,391
53935,37365,7833,2379,6476,4969,7499
83423,8655,16938,5961,9226,7372,1483
105671,6090,2076,3838,6538,2322,7647
43110,34950,1585,5161,11352,3609,11112
58560,24119,15059,4329,8252,5614,5319
47954,18486,13308,2001,2104,4027,9499
111847,32921,15547,4753,11580,4050,7068
86750,8009,4952,5915,10869,3997,6656
73408,38199,5897,3553,8030,4610,3649
110190,3231,16510,5222,919,3302,680
32605,3606,7050,4676,5115,4081,6974
53756,24151,7064,5248,4196,5610,939
88957,17238,2801,4520,1180,7340,5812
74014,33205,17556,3101,1663,1869,7116
34665,21538,3289,3757,1942,3206,6693
60558,37599,10046,2984,6506,4329,6010
67715,26447,14848,3092,4857,3364,6836
115343,6889,2796,2584,5554,2599,4928
67430,22228,8934,5201,4923,1491,2994
93608,1786,15209,4542,5926,3483,4628
107010,33118,7709,4828,4542,1673,375
57904,21131,13336,3907,6574,6141,4140
8682,36837,16632,3767,5380,2033,5690
75796,14085,14533,4596,420,5084,6688
5326,13495,14458,4474,9623,1545,5107
56260,18422,12123,3993,7793,1209,9027
93834,6454,4267,1385,8835,6106,4846
74140,2977,4121,5543,4879,5222,1008
114423,3968,5293,1257,2675,7286,11530
98734,25846,10986,5484,2892,4539,7366
58418,12004,4542,3420,1193,1504,10855
55711,24429,12576,5172,1921,784,4042
44989,10207,8224,1827,4067,1702,9988
16323,1172,16761,5695,2220,2598,541
33817,18405,13050,5020,5350,6335,11088
116127,23560,12955,4064,2168,4417,4771
21593,28497,5829,3426,5458,4741,2971
49328,28182,16725,5547,10635,7244,539
108231,27113,12656,3091,7806,5397,11941
80298,30855,2832,2342,6744,5509,10960
20321,38017,2903,5625,496,5623,2672
91229,33480,13706,2456,9733,1800,10715
